agent,seed,steer,steer_chance,fruit_per_100,knn_offset,knn_config,decode,food_ratio,eval_score,wallclock_h
dqn,501,0.4153,0.3957,5.4947,0.0568,0.4340,0.0936,0.3928,0.0500,0.1071
dqn,502,0.4145,0.3957,8.1613,0.0626,0.3994,0.0990,0.4303,0.0625,0.1072
dqn,503,0.4169,0.3957,7.9913,0.0510,0.4834,0.1168,0.4538,0.0375,0.1076
dqn,504,0.4223,0.3957,6.7887,0.0555,0.4502,0.0967,0.3946,0.0375,0.1081
dqn,505,0.4161,0.3957,7.6593,0.0527,0.4394,0.0990,0.4384,0.0500,0.1057
dqn_cnn,501,0.4432,0.3957,11.4793,0.0304,0.7357,0.1206,0.1408,0.1000,2.5631
dqn_cnn,502,0.4416,0.3957,6.8807,0.0272,0.7756,0.1292,0.1153,0.1750,2.5689
dqn_cnn,503,0.4486,0.3957,6.2287,0.0363,0.6985,0.1361,0.0935,0.1500,2.5722
dqn_cnn,504,0.4377,0.3957,5.3940,0.0249,0.7955,0.1237,0.0348,0.0625,1.7190
dqn_cnn,505,0.4602,0.3957,11.2527,0.0416,0.6401,0.1284,0.1289,0.0500,1.7091
nec,501,0.4006,0.3957,26.0367,0.0297,0.6807,0.0928,0.4420,0.0875,1.0018
nec,502,0.4068,0.3957,25.3547,0.0279,0.7009,0.1067,0.4541,0.0750,0.9301
nec,503,0.3782,0.3957,25.1247,0.0288,0.7001,0.0982,0.4723,0.0750,0.9321
nec,504,0.4037,0.3957,25.4293,0.0302,0.6852,0.0967,0.4634,0.0500,0.9181
nec,505,0.3797,0.3957,26.1807,0.0343,0.6772,0.0897,0.4475,0.0625,0.9309
nec_cnn,501,0.4107,0.3957,7.7907,0.0350,0.6709,0.1067,0.1024,0.0500,3.0531
nec_cnn,502,0.3937,0.3957,5.1893,0.0329,0.6751,0.1036,0.0769,0.0375,3.0396
nec_cnn,503,0.3937,0.3957,6.7153,0.0365,0.6608,0.1121,0.1219,0.0750,3.0353
nec_cnn,504,0.4045,0.3957,4.3187,0.0309,0.6761,0.1052,0.0840,0.0375,3.0297
nec_cnn,505,0.3906,0.3957,9.7620,0.0384,0.6380,0.1137,0.1417,0.0250,3.0541
random,501,nan,nan,6.5847,nan,nan,nan,nan,0.0125,0.0146
random,502,nan,nan,6.6413,nan,nan,nan,nan,0.0000,0.0144
random,503,nan,nan,6.6947,nan,nan,nan,nan,0.0250,0.0144
random,504,nan,nan,6.5700,nan,nan,nan,nan,0.0000,0.0145
random,505,nan,nan,6.6313,nan,nan,nan,nan,0.0000,0.0144
