config,agent,seed,late,early,rate_late,episodes_late,exact_hit_share,exact_write_share
C1,random,101,0.1953,0.1923,16.8000,1720,nan,nan
C1,random,102,0.1894,0.2027,16.6500,1758,nan,nan
C1,random,103,0.2077,0.1824,18.3500,1767,nan,nan
C1,random,104,0.2174,0.2488,18.7500,1725,nan,nan
C1,random,105,0.2206,0.2088,19.3000,1750,nan,nan
C1,random,106,0.2126,0.1892,18.7000,1759,nan,nan
C1,random,107,0.1899,0.2204,17.1000,1801,nan,nan
C1,random,108,0.2115,0.1929,18.2500,1726,nan,nan
C1,random,109,0.2058,0.2104,17.7000,1720,nan,nan
C1,random,110,0.2036,0.2140,17.7000,1739,nan,nan
C1,dqn,101,1.1570,0.5490,12.9000,223,nan,nan
C1,dqn,102,0.8744,0.5000,9.0500,207,nan,nan
C1,dqn,103,1.2118,0.3729,12.3000,203,nan,nan
C1,dqn,104,1.1618,0.7833,11.8500,204,nan,nan
C1,dqn,105,0.9384,0.5000,9.9000,211,nan,nan
C1,dqn,106,1.1697,0.8621,12.7500,218,nan,nan
C1,dqn,107,0.9615,0.2105,10.0000,208,nan,nan
C1,dqn,108,1.0476,0.7018,11.0000,210,nan,nan
C1,dqn,109,0.8981,0.5000,9.2500,206,nan,nan
C1,dqn,110,1.0239,0.3269,10.7000,209,nan,nan
C1,nec,101,0.8839,0.7625,15.6000,353,nan,nan
C1,nec,102,1.1196,0.8462,24.8000,443,nan,nan
C1,nec,103,0.8403,0.8421,15.0000,357,nan,nan
C1,nec,104,1.2788,0.9593,42.2000,660,nan,nan
C1,nec,105,1.1038,0.8908,23.4000,424,nan,nan
C1,nec,106,0.8672,0.7021,16.0000,369,nan,nan
C1,nec,107,1.1562,0.8241,32.2000,557,nan,nan
C1,nec,108,0.8892,0.7206,15.6500,352,nan,nan
C1,nec,109,0.9472,0.7439,14.3500,303,nan,nan
C1,nec,110,1.0392,0.9540,19.9000,383,nan,nan
C1,mfec,101,1.4863,1.0429,18.9500,255,0.2080,0.6915
C1,mfec,102,1.5889,0.9000,22.8000,287,0.2494,0.6913
C1,mfec,103,1.5975,0.9518,25.4000,318,0.2422,0.6854
C1,mfec,104,1.7403,1.3457,29.1500,335,0.2301,0.6429
C1,mfec,105,1.5065,0.9740,23.0500,306,0.2515,0.6805
C1,mfec,106,1.8283,0.8871,27.1500,297,0.2332,0.6723
C1,mfec,107,1.5407,0.9643,20.8000,270,0.2203,0.6854
C1,mfec,108,1.3110,0.9605,18.5500,283,0.2437,0.7110
C1,mfec,109,1.5103,1.0299,21.9000,290,0.2456,0.6834
C1,mfec,110,1.7087,0.8933,26.4000,309,0.2201,0.6758
C2,random,101,0.2141,0.1810,18.4000,1719,nan,nan
C2,random,102,0.2106,0.2098,18.5500,1762,nan,nan
C2,random,103,0.1959,0.2185,17.3000,1766,nan,nan
C2,random,104,0.1990,0.2419,17.1500,1724,nan,nan
C2,random,105,0.2161,0.2274,18.9500,1754,nan,nan
C2,random,106,0.2115,0.1810,18.6000,1759,nan,nan
C2,random,107,0.2027,0.1907,18.2500,1801,nan,nan
C2,random,108,0.2034,0.2165,17.5500,1726,nan,nan
C2,random,109,0.1914,0.1810,16.4500,1719,nan,nan
C2,random,110,0.2186,0.2140,19.0500,1743,nan,nan
C2,dqn,101,0.6227,0.2903,10.1500,326,nan,nan
C2,dqn,102,0.3353,0.3079,14.4500,862,nan,nan
C2,dqn,103,0.2908,0.2648,14.2500,980,nan,nan
C2,dqn,104,0.4619,0.2621,13.0500,565,nan,nan
C2,dqn,105,0.4775,0.3014,14.8500,622,nan,nan
C2,dqn,106,0.4356,0.3197,13.2000,606,nan,nan
C2,dqn,107,0.3110,0.3432,14.6500,942,nan,nan
C2,dqn,108,0.4354,0.2328,15.8500,728,nan,nan
C2,dqn,109,0.5488,0.3424,14.3500,523,nan,nan
C2,dqn,110,0.6187,0.2910,12.2500,396,nan,nan
C2,nec,101,0.2465,0.2279,15.6500,1270,nan,nan
C2,nec,102,0.2356,0.2371,15.7000,1333,nan,nan
C2,nec,103,0.2447,0.2191,15.0000,1226,nan,nan
C2,nec,104,0.2245,0.2081,16.1500,1439,nan,nan
C2,nec,105,0.2746,0.3077,14.5000,1056,nan,nan
C2,nec,106,0.2490,0.2485,15.1500,1217,nan,nan
C2,nec,107,0.2395,0.2492,15.7500,1315,nan,nan
C2,nec,108,0.2409,0.2092,18.2000,1511,nan,nan
C2,nec,109,0.2423,0.2791,14.6500,1209,nan,nan
C2,nec,110,0.2685,0.2118,17.4000,1296,nan,nan
C2,mfec,101,0.2207,0.2209,15.8000,1432,0.0000,0.0000
C2,mfec,102,0.2235,0.2019,18.0500,1615,0.0000,0.0000
C2,mfec,103,0.2283,0.2394,17.7500,1555,0.0000,0.0000
C2,mfec,104,0.2277,0.2294,17.6500,1550,0.0000,0.0000
C2,mfec,105,0.2288,0.2103,17.3000,1512,0.0000,0.0000
C2,mfec,106,0.2304,0.1832,16.3000,1415,0.0000,0.0000
C2,mfec,107,0.2186,0.1882,16.9000,1546,0.0000,0.0000
C2,mfec,108,0.2233,0.1949,17.7000,1585,0.0000,0.0000
C2,mfec,109,0.2271,0.1976,16.7500,1475,0.0000,0.0000
C2,mfec,110,0.2345,0.1946,17.2000,1467,0.0000,0.0000
C3,random,101,0.1654,0.1513,8.1000,1469,nan,nan
C3,random,102,0.1620,0.1687,7.9000,1463,nan,nan
C3,random,103,0.1905,0.1211,9.5000,1496,nan,nan
C3,random,104,0.1726,0.2415,8.7000,1512,nan,nan
C3,random,105,0.1651,0.1860,8.3000,1508,nan,nan
C3,random,106,0.1722,0.1744,8.4333,1469,nan,nan
C3,random,107,0.1606,0.1558,7.9667,1488,nan,nan
C3,random,108,0.1671,0.1783,8.4667,1520,nan,nan
C3,random,109,0.1639,0.1554,8.0333,1470,nan,nan
C3,random,110,0.1636,0.1429,8.0667,1479,nan,nan
C3,dqn,101,0.6387,0.3611,3.3000,155,nan,nan
C3,dqn,102,0.7290,0.2903,3.7667,155,nan,nan
C3,dqn,103,0.4717,0.2778,2.5000,159,nan,nan
C3,dqn,104,0.5988,0.3448,3.2333,162,nan,nan
C3,dqn,105,0.5556,0.3171,3.0000,162,nan,nan
C3,dqn,106,0.7987,0.3793,4.2333,159,nan,nan
C3,dqn,107,0.4968,0.3871,2.5667,155,nan,nan
C3,dqn,108,0.5526,0.2500,2.8000,152,nan,nan
C3,dqn,109,0.5490,0.3333,2.8000,153,nan,nan
C3,dqn,110,0.5988,0.2750,3.2333,162,nan,nan
C3,nec,101,0.1216,0.1667,0.6000,148,nan,nan
C3,nec,102,0.3684,0.2973,2.1000,171,nan,nan
C3,nec,103,0.1742,0.4118,0.9000,155,nan,nan
C3,nec,104,0.2192,0.2222,1.0667,146,nan,nan
C3,nec,105,0.1867,0.3438,0.9333,150,nan,nan
C3,nec,106,0.3208,0.2250,1.7000,159,nan,nan
C3,nec,107,0.2814,0.4528,1.5667,167,nan,nan
C3,nec,108,0.1678,0.2400,0.8333,149,nan,nan
C3,nec,109,0.2792,0.3750,1.4333,154,nan,nan
C3,nec,110,0.2162,0.3077,1.0667,148,nan,nan
C3,mfec,101,0.7303,0.6579,4.3333,178,0.1318,0.7586
C3,mfec,102,0.5674,0.3333,3.3667,178,0.1751,0.7929
C3,mfec,103,0.7010,0.4750,4.7667,204,0.1547,0.7720
C3,mfec,104,0.6724,0.4118,3.9000,174,0.1265,0.7602
C3,mfec,105,0.5574,0.5000,3.4000,183,0.1723,0.7846
C3,mfec,106,0.6630,0.6585,4.0667,184,0.1409,0.7908
C3,mfec,107,0.6369,0.6389,3.8000,179,0.1543,0.7843
C3,mfec,108,0.6865,0.6897,4.2333,185,0.1447,0.7570
C3,mfec,109,0.6250,0.3824,3.8333,184,0.1562,0.7791
C3,mfec,110,0.7525,0.0968,5.0667,202,0.1541,0.7624
